한자,병음,성조 (단음절),한글 의미,품사
啊,ā / á / ǎ / à / a,1성/2성/3성/4성/경성,아! 어기를 나타냄,조사
矮,ǎi,3성,(키가) 작다,형용사
爱,ài,4성,사랑하다,동사
爱好,àihào,-,애호하다,동사
爱好,àihào,-,취미,동사
安静,ānjìng,-,조용하다,형용사
安排,ānpái,-,"안배하다, 계획하다",동사
吧,ba,경성,"~지?, ~하자, ~해라",조사
把,bǎ,3성,~을/를,개사
把,bǎ,3성,"단위(의자, 우산, 칼 등)",양사
爸爸,bàba,-,아빠,명사
白,bái,2성,"희다, 헛되이, 공짜로","형용사, 부사"
班,bān,1성,"반, 근무",명사
搬,bān,1성,"운반하다, 옮기다",동사
半,bàn,4성,"반, 30분","수사, 명사"
办,bàn,4성,"일하다, 처리하다",동사
办法,bànfǎ,-,"방법, 수단",명사
办公室,bàngōngshì,-,사무실,명사
帮忙,bāngmáng,-,일손을 돕다,동사
帮助,bāngzhù,-,돕다,동사
棒,bàng,4성,"방망이, (수준) 높다, (능력) 강하다","명사, 형용사"
棒球,bàngqiú,-,야구,명사
包,bāo,1성,"싸다, 보장하다, 전세 내다, 단위(싸여 있는 물건), 가방","동사, 양사, 명사"
包子,bāozi,-,(소가 든) 찐빵,명사
饱,bǎo,3성,배부르다,형용사
抱,bào,4성,안다,동사
报,bào,4성,"신문, 알리다","명사, 동사"
报名,bàomíng,-,신청하다,동사
抱歉,bàoqiàn,-,미안해하다,"형용사, 동사"
杯,bēi,1성,"단위(잔, 컵)",양사
杯子,bēizi,-,"잔, 컵",명사
倍,bèi,4성,"배, 곱절",양사
被,bèi,4성,~에게 ...(당하다),"개사, 조사"
本,běn,3성,"단위(책, 잡지)",양사
本来,běnlái,-,"본래, 원래","부사, 명사"
鼻子,bízi,-,코,명사
比,bǐ,3성,"~보다, 비교하다","개사, 동사"
比较,bǐjiào,-,"비교적, 비교하다","부사, 동사"
比如,bǐrú,-,"예컨대, 가령","부사, 동사"
比赛,bǐsài,-,"시합, 경기하다","명사, 동사"
必须,bìxū,-,반드시 ~해야 한다,부사
毕业,bìyè,-,졸업하다,동사
边,biān,1성,"변, 가장자리, 끝",명사
遍,biàn,4성,단위(횟수),양사
变化,biànhuà,-,변화하다,"동사, 명사"
表示,biǎoshì,-,"표시(하다), 나타내다","동사, 명사"
表演,biǎoyǎn,-,공연하다,"동사, 명사"
别,bié,2성,"~하지 마라, 다른","부사, 형용사"
别人,biérén,-,"남, 타인",대명사
病,bìng,4성,"병, 병나다","명사, 동사"
不,bù,4성,~아니다,부사
不但,bùdàn,-,~뿐만 아니라,접속사
部分,bùfen,-,부분,명사
不过,bùguò,-,"그러나, ~에 불과하다","접속사, 부사"
不好意思,bù hǎoyìsi,-,"부끄럽다, 미안하다",형용사
擦,cā,1성,"닦다, 문지르다",동사
猜,cāi,1성,추측하다,동사
才,cái,2성,비로소,부사
菜,cài,4성,"요리, 채소, 반찬",명사
菜单,càidān,-,"식단, 차림표",명사
参观,cānguān,-,견학하다,동사
参加,cānjiā,-,참가하다,동사
餐厅,cāntīng,-,식당,명사
操场,cāochǎng,-,운동장,명사
草,cǎo,3성,풀,명사
层,céng,2성,"층, 겹",양사
差,chā / chà / chāi,1성 / 4성 / 1성,"차이 / 차이가 나다, 부족하다 / 파견하다, 출장 업무","명사 / 동사, 형용사 / 동사"
茶,chá,2성,차,명사
查,chá,2성,"조사하다, 찾다",동사
差不多,chàbuduō,-,"거의 비슷하다, 그럭저럭 되다","부사, 형용사"
长,cháng / zhǎng,2성 / 3성,"길다 / 자라다, 생기다, 우두머리","형용사 / 동사, 명사"
常,cháng,2성,항상,부사
常常,chángcháng,-,"자주, 종종",부사
尝,cháng,2성,"맛보다, 겪다, 시험해 보다",동사
场,chǎng,3성,"장소, 단위(회, 번)","명사, 양사"
唱,chàng,4성,노래하다,동사
超市,chāoshì,-,슈퍼마켓,명사
炒,chǎo,3성,볶다,동사
车,chē,1성,차,명사
车站,chēzhàn,-,"터미널, 정류장",명사
成绩,chéngjì,-,성적,명사
城市,chéngshì,-,도시,명사
吃,chī,1성,먹다,동사
迟到,chídào,-,지각하다,동사
出,chū,1성,"나오다, 나가다",동사
出发,chūfā,-,출발하다,동사
出生,chūshēng,-,태어나다,동사
出现,chūxiàn,-,나타나다,동사
初中,chūzhōng,-,중학교,명사
出租(汽)车,chūzū(qì)chē,-,택시,명사
厨房,chúfáng,-,"주방, 부엌",명사
除了,chúle,-,~외에,전치사
穿,chuān,1성,"입다, 통과하다",동사
船,chuán,2성,배,명사
传统,chuántǒng,-,"전통, 보수적인","명사, 형용사"
窗户,chuānghu,-,창문,명사
床,chuáng,2성,침대,명사
词,cí,2성,"단어, 말",명사
词典,cídiǎn,-,사전,명사
次,cì,4성,"단위(번, 횟수)",양사
聪明,cōngming,-,총명하다,형용사
从,cóng,2성,~부터,전치사
错,cuò,4성,"틀리다, 부정확하다","형용사, 동사"
打,dǎ,3성,"치다, 때리다",동사
打开,dǎkāi,-,열다,동사
打算,dǎsuàn,-,"~할 생각이다, 계획","동사, 명사"
打招呼,dǎ zhāohu,-,인사하다,동사
打针,dǎzhēn,-,주사를 놓다(맞다),동사 (이합사)
大,dà,4성,"크다, 넓다",형용사
大概,dàgài,-,"대략, 대개","부사, 명사"
大家,dàjiā,-,"여러분, 모두",대명사
大学,dàxué,-,대학교,명사
大衣,dàyī,-,외투,명사
戴,dài,4성,"착용하다, 쓰다",동사
带,dài,4성,"지니다, 휴대하다, 이끌다, 띠","동사, 명사"
大夫,dàifu,-,의사,명사
担心,dānxiān,-,걱정하다,동사 (이합사)
但是,dànshì,-,그러나,접속사
当然,dāngrán,-,"당연하다, 당연히","형용사, 부사"
当,dāng / dàng,1성 / 4성,"~이 되다, 담당하다 / 적합하다, ~으로 여기다",동사
倒,dǎo / dào,3성 / 4성,"넘어지다, 도산하다 / 거꾸로 되다, 따르다",동사
到,dào,4성,"~까지, 도착하다","전치사, 동사"
得,dé / de / děi,2성 / 경성 / 3성,~을 얻다 / 구조조사 / ~을 해야 한다,동사 / 조사 / 조동사
의 (的),de,경성,(구조조사)~의,조사
地,de / dì,경성 / 4성,"(구조조사)~히, ~하게 / 땅",조사 / 명사
的话,dehuà,-,~하다면,조사
灯,dēng,1성,"등, 램프",명사
等,děng,3성,"기다리다, 등등","동사, 조사"
低,dī,1성,낮다,형용사
弟弟,dìdi,-,남동생,명사
地方,dìfang,-,"부분, 점, 곳, 장소, 지방",명사
地铁,dìtiě,-,지하철,명사
地图,dìtú,-,지도,명사
地址,dìzhǐ,-,주소,명사
点,diǎn,3성,"점, 주문하다, ~시","명사, 동사"
点心,diǎnxin,-,간식,명사
店,diàn,4성,"상점, 가게",명사
电话,diànhuà,-,전화,명사
电脑,diànnǎo,-,컴퓨터,명사
电视,diànshì,-,텔레비전,명사
电梯,diàntī,-,엘리베이터,명사
电影,diànyǐng,-,영화,명사
电影院,diànyǐngyuàn,-,영화관,명사
电子邮件,diànzǐ yóujiàn,-,"전자우편, 이메일",명사
掉,diào,4성,"떨어뜨리다, 방향을 바꾸다",동사
顶,dǐng,3성,"정상, 매우, 단위(모자), 지탱하다","명사, 부사, 양사, 동사"
丢,diū,1성,"잃다, 버리다",동사
东西,dōngxi,-,물건,명사
懂,dǒng,3성,"알다, 이해하다",동사
动物,dòngwù,-,동물,명사
都,dōu / dū,1성 / 1성,"모두 / 수도, 대도시",부사 / 명사
读,dú,2성,"읽다, 공부하다",동사
堵车,dǔchē,-,차가 막히다,동사 (이합사)
肚子,dùzi,-,배,명사
度,dù,4성,"단위(도, 번), 경과하다","양사, 동사"
短,duǎn,3성,짧다,형용사
短信,duǎnxìn,-,문자 메시지,명사
段,duàn,4성,"단위(구간, 도막, 부분), 방법",양사
锻炼,duànliàn,-,단련하다,동사
对,duì,4성,"맞다, ~에 대하여, 단위(쌍)","형용사, 전치사, 양사"
队,duì,4성,"대열, 팀, 무리",명사
对不起,duìbuqǐ,-,미안하다,동사
多,duō,1성,많다,형용사
多么,duōme,-,얼마나,부사
多少,duōshao,-,"약간, 다소간","대명사, 부사"
饿,è,4성,배고프다,형용사
而且,érqiě,-,게다가,접속사
儿子,érzi,-,아들,명사
耳朵,ěrduo,-,귀,명사
发烧,fāshāo,-,열나다,동사 (이합사)
发现,fāxiàn,-,발견하다,동사
发音,fāyīn,-,발음(하다),"명사, 동사"
发展,fāzhǎn,-,"발전하다, 발전시키다",동사
发,fā,1성,"보내다, 발생하다",동사
翻译,fānyì,-,"통역(번역)가, 통역(번역)하다","명사, 동사"
反对,fǎnduì,-,반대(하다),동사
饭,fàn,4성,밥,명사
饭店,fàndiàn,-,호텔,명사
方便,fāngbiàn,-,"편리하다, 편리하게 하다","형용사, 동사"
方法,fāngfǎ,-,방법,명사
方面,fāngmiàn,-,"방면, 방향",명사
方向,fāngxiàng,-,방향,명사
房间,fángjiān,-,방,명사
访问,fǎngwèn,-,방문하다,동사
放,fàng,4성,"놓다, 방영하다",동사
放心,fàngmíng (fàng∥xīn),-,안심하다,동사 (이합사)
非常,fēicháng,-,"아주, 대단히",부사
飞机,fēijī,-,비행기,명사
分,fēn,1성,"~분, 나누다","양사, 동사"
封,fēng,1성,단위(편지),양사
风,fēng,1성,바람,명사
风景,fēngjǐng,-,"풍경, 경치",명사
风沙,fēngshā,-,"풍사, 황사",명사
服务员,fúwùyuán,-,종업원,명사
附近,fùjìn,-,부근(의),명사
父母,fùmǔ,-,부모,명사
复习,fùxí,-,복습하다,동사
负责,fùzé,-,책임지다,"동사, 형용사"
该,gāi,1성,~해야 한다,조동사
干,gān / gàn,1성 / 4성,건조하다 / (어떤 일을) 하다,형용사 / 동사
干净,gānjìng,-,깨끗하다,형용사
敢,gǎn,3성,감히 ~하다,조동사
感到,gǎndào,-,"느끼다, 여기다",동사
赶快,gǎnkuài,-,"재빨리, 어서",부사
感冒,gǎnmào,-,감기(걸리다),"명사, 동사"
感谢,gǎnxiè,-,감사하다,동사
刚,gāng,1성,"막, 방금",부사
刚才,gāngcái,-,"막, 방금","명사, 부사"
高,gāo,1성,높다,형용사
高考,gāokǎo,-,중국 대학 입학 시험,명사
高兴,gāoxìng,-,기쁘다,형용사
高中,gāozhōng,-,고등학교,명사
告诉,gàosu,-,알리다,동사
歌,gē,1성,노래,명사
哥哥,gēge,-,"형, 오빠",명사
个,gè,4성,"단위(개, 명)",양사
各,gè,4성,"각, 여러, 갖가지",대명사
个子,gèzi,-,"크기, 키",명사
给,gěi,3성,"~에게, 주다","전치사, 동사"
跟,gēn,1성,"~에게, ~와, ~을","전치사, 접속사, 동사"
黑板,hēibǎn,-,칠판,명사
很,hěn,3성,매우,부사
红,hóng,2성,"붉다, 인기가 있다",형용사
Later / 后来,hòulái,-,"그 다음에, (그) 후",명사
后天,hòutiān,-,모레,명사
互相,hùxiāng,-,"서로, 상호",부사
护照,hùzhào,-,여권,명사
花,huā,1성,"꽃, 소비하다","명사, 동사"
画,huà,4성,그리다,"동사, 명사"
话,huà,4성,말,명사
坏,huài,4성,"상하다, 고장나다, 나쁘다, 고장 내다","형용사, 동사"
欢迎,huānyíng,-,환영하다,동사
换,huàn,4성,"바꾸다, 갈아타다",동사
黄,huáng,2성,노랗다,형용사
回,huí,2성,"돌아오다, 단위(횟수)","동사, 양사"
回答,huídá,-,대답하다,"동사, 명사"
会,huì,4성,"~할 수 있다, ~할 것이다","조동사, 동사"
活动,huódòng,-,"움직이다, 활동(하다)","동사, 명사"
火车,huǒchē,-,기차,명사
或者,huòzhě,-,"아마, 혹은","접속사, 부사"
更,gèng,4성,"더욱, 한층 더",부사
工夫,gōngfu,-,"시간, 틈, 노력",명사
公交车,gōngjiāochē,-,버스,명사
公斤,gōngjīn,-,킬로그램(kg),양사
公里,gōnglǐ,-,킬로미터(km),양사
公司,gōngsī,-,회사,명사
恭喜,gōngxǐ,-,축하하다,동사
公园,gōngyuán,-,공원,명사
工作,gōngzuò,-,"일하다, 일","동사, 명사"
狗,gǒu,3성,개,명사
够,gòu,4성,충분하다,"형용사, 부사"
故事,gùshi,-,이야기,명사
刮,guā,1성,(바람이) 불다,동사
挂,guà,4성,"(고리, 못 따위에) 걸다, 전화를 끊다",동사
拐,guǎi,3성,방향을 바꾸다,동사
关,guān,1성,"닫다, 끄다, 관련되다",동사
关系,guānxi,-,관계(하다),"명사, 동사"
关心,guānxīn,-,관심을 갖다,"동사, 명사"
关于,guānyú,-,~에 관하여,전치사
广播,guǎngbō,-,방송(하다),"명사, 동사"
贵,guì,4성,"귀하다, 비싸다",형용사
国,guó,2성,"국가, 나라",명사
国家,guójiā,-,국가,명사
过,guò / guo,4성 / 경성,"지내다, 지나다 / (과거의 경험 조사)",동사 / 조사
还,hái / huán,2성 / 2성,"아직, 여전히, 더욱 / 돌려주다",부사 / 동사
还是,háishi,-,"여전히, ~아니면","부사, 접속사"
孩子,háizi,-,아이,명사
寒假,hánjià,-,겨울 방학,명사
好,hǎo / hào,3성 / 4성,"좋다 / 좋아하다, 잘 ~하다",형용사 / 동사
好处,hǎochu,-,"장점, 이익",명사
好久,hǎojiǔ,-,(시간이) 오래다,부사
好看,hǎokàn,-,"보기 좋다, 예쁘다",형용사
好听,hǎotīng,-,듣기 좋다,형용사
好像,hǎoxiàng,-,마치 ~와 같다,"부사, 동사"
号,hào,4성,"일, 날짜","명사, 양사"
好吃,hǎochī,-,맛있다,형용사
号码,hàomǎ,-,번호,명사
喝,hē,1성,마시다,동사
和,hé,2성,"~와/과, ~에게","접속사, 전치사"
河,hé,2성,"강, 하천",명사
合适,héshì,-,"적당하다, 알맞다",형용사
黑,hēi,1성,"검다, 어둡다, 나쁘다",형용사
机场,jīchǎng,-,공항,명사
鸡,jī,1성,닭,명사
鸡蛋,jīdàn,-,달걀,명사
机会,jīhuì,-,기회,명사
极,jí,2성,"정점(에 이르다), 매우","부사, 동사"
急,jí,2성,"조급하다, 초조하게 하다","형용사, 동사"
几,jǐ,3성,몇(10 이하의 수),"수사, 대명사"
寄,jì,4성,부치다,동사
季节,jìjié,-,계절,명사
既然,jìrán,-,이왕 ~한 바에야,접속사
继续,jìxù,-,계속하다,동사
家,jiā,1성,"집, 단위(가게, 기업 등)","명사, 양사"
加油,jiā∥yóu,-,"기름을 넣다, 힘내다",동사 (이합사)
价格,jiàgé,-,가격,명사
检查,jiǎnchá,-,검사하다,"동사, 명사"
简单,jiǎndān,-,간단하다,형용사
间,jiān / jiàn,1성 / 4성,"중간, 사이, 단위(칸) / 사이(를 두다)","명사, 양사 / 동사"
见,jiàn,4성,"보다, 만나다",동사
件,jiàn,4성,"단위(사건, 의복)",양사
健康,jiànkāng,-,건강(하다),"명사, 형용사"
见面,jiàn∥miàn,-,만나다,동사 (이합사)
将来,jiānglái,-,"장래, 미래",명사
讲,jiǎng,3성,"말하다, 이야기하다",동사
交,jiāo,1성,"교체하다, 제출하다, 사귀다",동사
教,jiāo / jiào,1성 / 4성,"가르치다 / 가르치다, 가르침, 교육","동사 / 동사, 명사"
脚,jiǎo,3성,발,명사
角,jiǎo,3성,"뿔, 모서리, 단위(화폐)","명사, 양사"
饺子,jiǎozi,-,(물)만두,명사
叫,jiào,4성,"~라고 부르다, ~을 하게 하다",동사
教室,jiàoshì,-,교실,명사
接,jiē,1성,"받다, 잇다",동사
节,jié,2성,"명절, 단위(수업), 절약하다","명사, 양사, 동사"
结果,jiéguǒ / jiēguǒ,-,결과 / 열매를 맺다,명사 / 동사
结婚,jiéhūn,-,결혼하다,동사 (이합사)
节目,jiémù,-,프로그램,명사
节日,jiérì,-,"명절, 기념일",명사
结束,jiéshù,-,"끝내다, 마치다",동사
姐姐,jiějie,-,"언니, 누나",명사
解决,jiějué,-,해결하다,동사
借,jiè,4성,빌리다,동사
介绍,jièshào,-,소개하다,"동사, 명사"
斤,jīn,1성,단위(근),양사
今年,jīnnián,-,올해,명사
今天,jīntiān,-,오늘,명사
紧张,jǐnzhāng,-,"긴박하다, 부족하다, 긴장해 있다",형용사
进,jìn,4성,"나아가다, 들어오다",동사
近,jìn,4성,가깝다,형용사
进步,jìnbù,-,진보(하다),"명사, 동사"
精彩,jīngcǎi,-,훌륭하다,형용사
经常,jīngcháng,-,"자주, 종종",부사
经过,jīngguò,-,"통과하다, 거치다","동사, 전치사, 명사"
经济,jīngjì,-,경제(적이다),"명사, 형용사"
京剧,jīngjù,-,경극,명사
精神,jīngshén / jīngshen,-,정신 / 활기차다,명사 / 형용사
久,jiǔ,3성,오래다(시간이 길다),"형용사, 부사"
旧,jiù,4성,오래된,형용사
就,jiù,4성,"곧, 바로","부사, 접속사"
举,jǔ,3성,들다,동사
句,jù,4성,마디(말이나 글),양사
句子,jùzi,-,문장,명사
觉得,juéde,-,~라고 느끼다,동사
决定,juédìng,-,결정(하다),"동사, 명사"
咖啡,kāfēi,-,커피,명사
卡,kǎ,3성,카드,명사
开,kāi,1성,"열다, 운전하다, 끓다, (꽃이) 피다, 시작하다",동사
开始,kāishǐ,-,시작하다,"동사, 명사"
开玩笑,kāi wánxiào,-,농담하다,동사
开心,kāixīn,-,즐겁다,형용사
看,kàn,4성,"보고, 읽다",동사
看见,kànjiàn,-,"보다, 보이다",동사
考,kǎo,3성,시험 보다,동사
考试,kǎoshì,-,시험(보다),"명사, 동사"
烤鸭,kǎoyā,-,오리구이,명사
咳嗽,késou,-,기침하다,"동사, 명사"
渴,kě,3성,목마르다,형용사
可,kě,3성,"강조, 허가, 기능, 역접 등을 나타냄","부사, 접속사"
可爱,kě'ài,-,귀엽다,형용사
可能,kěnéng,-,"가능하다, 아마도","형용사, 조동사, 부사"
可是,kěshì,-,그러나,"접속사, 부사"
可惜,kěxī,-,"섭섭하다, 아쉽다, 애석하다","형용사, 부사"
可以,kěyǐ,-,~할 수 있다,"조동사, 형용사"
刻,kè,4성,"15분, 새기다","양사, 동사"
课,kè,4성,"수업, 과","명사, 양사"
客气,kèqi,-,"겸손하다, 예의 바르다",형용사
客人,kèrén,-,손님,명사
空,kōng / kòng,1성 / 4성,"헛되이, 비다 / 틈, 짬, (시간을) 내다, 비우다","부사, 형용사 / 명사, 동사"
空气,kōngqì,-,"공기, 분위기",명사
口,kǒu,3성,"입, 단위(식구)","명사, 양사"
哭,kū,1성,울다,동사
苦,kǔ,3성,쓰다,"형용사, 명사"
裤子,kùzi,-,바지,명사
块,kuài,4성,"조각, 단위(화폐, 덩어리 등)","명사, 양사"
快,kuài,4성,"빠르다, 곧, 빨리","형용사, 부사"
快乐,kuàilè,-,즐겁다,형용사
筷子,kuàizi,-,젓가락,명사
矿泉水,kuàngquánshuǐ,-,"광천수, 생수",명사
困难,kùnnan,-,"곤란, 어렵다","명사, 형용사"
了,le / liǎo,경성 / 3성,"(조사) 상태 변화, 완료 / 마치다",조사 / 동사
累 lèi,4성,피곤하다,형용사,
冷,lěng,3성,춥다,형용사
离,lí,2성,"떠나다, ~로부터","동사, 전치사"
梨,lí,2성,배,명사
离开,líkāi,-,"떠나다, 벗어나다",동사
礼貌,lǐmào,-,예의(바르다),"명사, 형용사"
礼物,lǐwù,-,선물,명사
厉害,lìhai,-,대단하다,형용사
历史,lìshǐ,-,역사,명사
连,lián,2성,"~조차, ~마저","전치사, 접속사"
联系,liánxì,-,연락하다,"동사, 명사"
脸,liǎn,3성,얼굴,명사
练,liàn,4성,"연습하다, 훈련하다",동사
练习,liànxí,-,연습(하다),"명사, 동사"
凉,liáng,2성,"서늘하다, 차갑다",형용사
凉快,liángkuai,-,시원하다,형용사
辆,liàng,4성,"단위(차량, 자전거 등)",양사
亮,liàng,4성,"밝다, 환하다","형용사, 동사"
聊天,liáotiān,-,"수다 떨다, 한담하다",동사 (이합사)
了解,liǎojiě,-,이해하다,동사
留,liú,2성,"남다, 남기다, 머무르다",동사
流利,liúlì,-,유창하다,형용사
楼,lóu,2성,"건물, 층",명사
路,lù,4성,"길, 도로",명사
录音,lùyīn,-,녹음(하다),"명사, 동사"
乱,luàn,4성,"어지럽다, 제멋대로","형용사, 부사"
旅行,lǚxíng,-,여행하다,"동사, 명사"
旅游,lǚyóu,-,여행하다,"동사, 명사"
绿,lǜ,4성,푸르다,"형용사, 명사"
绿茶,lǜchá,-,녹차,명사
拉,lā,1성,"끌다, 당기다",동사
辣,là,4성,맵다,형용사
来,lái,2성,오다,동사
来不及,láibují,-,"손쓸 틈이 없다, 시간이 맞지 않다",동사
蓝,lán,2성,"남빛(의), 쪽빛이다","형용사, 명사"
篮球,lánqiú,-,농구,명사
老,lǎo,3성,"늙다, 오래된, 늘","형용사, 부사"
老虎,lǎohǔ,-,호랑이,명사
老师,lǎoshī,-,선생님,명사
嘛,ma,경성,"문장 끝에 쓰여 도리, 사실 등이 명백함을 표시함",조사
吗,ma,경성,문장 끝에 쓰여 의문의 어기를 나타냄,조사
妈妈,māma,-,"어머니, 엄마",명사
麻烦,máfan,-,"번거로운, 귀찮다","형용사, 동사, 명사"
马,mǎ,3성,말,명사
马上,mǎshàng,-,"금방, 즉시",부사
买,mǎi,3성,사다,동사
卖,mài,4성,팔다,동사
馒头,mántou,-,(소가 없는) 찐빵,명사
满,mǎn,3성,가득 차다,"형용사, 동사"
满意,mǎnyì,-,만족하다,"형용사, 동사"
慢,màn,4성,느리다,형용사
忙,máng,2성,바쁘다,"형용사, 동사"
猫,māo,1성,고양이,명사
毛,máo,2성,"털, 단위(화폐)","명사, 양사"
帽子,màozi,-,모자,명사
没(有),méi(yǒu),-,"없다, ~않았다","동사, 부사"
每,měi,3성,"매, 마다",대명사
美,měi,3성,아름답다,형용사
美丽,měilì,-,아름답다,형용사
妹妹,mèimei,-,여동생,명사
们,men,경성,~들(복수형),조사
门,mén,2성,문,명사
门口,ménkǒu,-,입구,명사
迷,mí,2성,"헷갈리다, 심취하다, 애호가","동사, 명사"
米,mǐ,3성,"쌀, 미터[단위]","명사, 양사"
米饭,mǐfàn,-,쌀밥,명사
面,miàn,4성,"얼굴, 밀가루, 국수",명사
面包,miànbāo,-,빵,명사
民族,mínzú,-,민족,명사
明白,míngbai,-,"분명하다, 이해하다","형용사, 동사"
明年,míngnián,-,내년,명사
明天,míngtiān,-,내일,명사
名字,míngzi,-,이름,명사
拿,ná,2성,"잡다, ~(으)로(써)","동사, 전치사"
哪,nǎ,3성,어느(것),대명사
哪,na,경성,[啊(a)가 변한 어기조사],조사
哪里 / 哪儿,nǎli / nǎr,-,어디,대명사
那,nà,4성,저(것),대명사
那里 / 那儿,nàli / nàr,-,"거기, 저기",대명사
那么,nàme,-,"그렇게, 그러면","부사, 접속사"
那样,nàyàng,-,그렇게,대명사
奶奶,nǎinai,-,할머니,명사
男,nán,2성,"남성의, 남자","명사, 형용사"
难过,nánguò,-,"지내기 어렵다, 괴롭다","형용사, 동사"
难,nán,2성,어렵다,형용사
呢,ne,경성,~는? (문장 끝에 쓰이는 어기조사),조사
内容,nèiróng,-,내용,명사
能,néng,2성,~할 수 있다,조동사
你,nǐ,3성,너,대명사
年,nián,2성,"년, 해","명사, 양사"
年级,niánjí,-,학년,명사
年纪,niánjì,-,나이,명사
年轻,niánqīng,-,젊다,형용사
念,niàn,4성,"생각하다, 읽다, 공부하다",동사
鸟,niǎo,3성,새,명사
您,nín,2성,당신,대명사
牛,niú,2성,"소, 고집이 세다","명사, 형용사"
牛奶,niúnǎi,-,우유,명사
农村,nóngcūn,-,농촌,명사
弄,nòng,4성,만들다,동사
努力,nǔlì,-,노력하다,"동사, 형용사, 부사"
暖和,nuǎnhuo,-,따뜻하다,형용사
女,nǚ,3성,"여성의, 여자","명사, 형용사"
女儿,nǚ'ér,-,딸,명사
爬,pá,2성,"기다, 기어오르다",동사
怕,pà,4성,"두렵다, ~에 약하다, 아마","동사, 부사"
拍,pāi,1성,"(손바닥으로) 치다, 촬영하다",동사
拍照,pāizhào,-,사진을 찍다,동사 (이합사)
排球,páiqiú,-,배구,명사
旁边,pángbiān,-,"옆, 근처",명사
胖,pàng,4성,뚱뚱하다,형용사
跑,pǎo,3성,"달리다, 도망가다",동사
跑步,pǎobù,-,달리다,동사 (이합사)
泡菜,pàocài,-,절임 채소,명사
朋友,péngyou,-,친구,명사
批评,pīpíng,-,"비평하다, 비판하다","동사, 명사"
便宜,piányi,-,싸다,형용사
票,piào,4성,표,명사
漂亮,piàoliang,-,아름답다,형용사
苹果,píngguǒ,-,사과,명사
乒乓球,pīngpāngqiú,-,탁구,명사
瓶,píng,2성,병,"명사, 양사"
平安,píng'ān,-,평안하다,"형용사, 명사"
破,pò,4성,"망가지다, 깨다","형용사, 동사"
普通话,pǔtōnghuà,-,(현대중국어의) 표준어,명사
骑,qí,2성,"(자전거, 말 등을) 타다",동사
奇怪,qíguài,-,이상하다,형용사
旗袍,qípáo,-,치파오,명사
其实,qíshí,-,"사실은, 실제로",부사
其他,qítā,-,"그 밖, 그 외",대명사
起,qǐ,3성,일어나다,동사
起床,qǐchuáng,-,기상하다,동사 (이합사)
汽车,qìchē,-,자동차,명사
气温,qìwēn,-,기온,명사
铅笔,qiānbǐ,-,연필,명사
钱,qián,2성,돈,명사
前天,qiántiān,-,그저께,명사
墙,qiáng,2성,"벽, 담",명사
轻,qīng,1성,가볍다,형용사
清楚,qīngchu,-,"분명하다, 이해하다","형용사, 동사"
晴,qíng,2성,맑다,형용사
情况,qíngkuàng,-,상황,명사
请,qǐng,3성,청하다,동사
请假,qǐngjià,-,휴가를 내다,동사 (이합사)
请客,qǐngkè,-,한턱내다,동사 (이합사)
请问,qǐngwèn,-,말 좀 물어볼게요,동사
球,qiú,2성,공,명사
取,qǔ,3성,"취하다, 얻다",동사
去,qù,4성,가다,동사
去年,qùnián,-,작년,명사
全部,quánbù,-,전부,"명사, 부사"
劝,quàn,4성,"권하다, 설득하다",동사
裙子,qúnzi,-,치마,명사
然后,ránhòu,-,그러한 후에,접속사
让,ràng,4성,"~하도록 시키다, ~에게 …당하다","동사, 전치사"
热,rè,4성,"덥다, 뜨겁다, 인기 있다, 유행","형용사, 명사"
热情,rèqíng,-,"열정, 친절하다","명사, 형용사"
人,rén,2성,사람,명사
人口,rénkǒu,-,인구,명사
人民币,rénmínbì,-,인민폐,명사
认识,rènshi,-,알다,"동사, 명사"
认为,rènwéi,-,"여기다, 생각하다",동사
认真,rènzhēn,-,"진지하다, 성실하다","형용사, 부사"
日,rì,4성,"일(날), 하루, 해, 낮",명사
容易,róngyì,-,쉽다,형용사
肉,ròu,4성,고기,명사
如果,rúguǒ,-,만약,접속사
伞,sǎn,3성,우산,명사
散,sàn / sǎn,4성 / 3성,"흩어지다, 뿌리다 / 느슨해지다, 흩어지다",동사 / 형용사
散步,sànbù,-,산책하다,동사 (이합사)
色,sè,4성,색(깔),명사
晒,shài,4성,"햇볕이 내리쬐다, 햇볕을 쬐다",동사
山,shān,1성,산,명사
商店,shāngdiàn,-,상점,명사
上,shàng,4성,"위, 가다, 오르다","명사, 동사"
上课,shàngkè,-,수업하다,동사 (이합사)
上网,shàngwǎng,-,인터넷에 접속하다,동사 (이합사)
上午,shàngwǔ,-,오전,명사
上学,shàngxué,-,등교하다,동사 (이합사)
烧,shāo,1성,"태우다, 볶다, 열","동사, 명사"
稍,shāo,1성,"조금, 약간",부사
少,shǎo,3성,"적다, 어리다",형용사
社会,shèhuì,-,사회,명사
深,shēn,1성,"깊다, 짙다",형용사
身体,shēntǐ,-,"신체, 몸",명사
什么,shénme,-,무엇,대명사
声,shēng,1성,"소리, 단위(마디, 번)","명사, 양사"
生词,shēngcí,-,새 단어,명사
生活,shēnghuó,-,생활(하다),"명사, 동사"
生气,shēngqì,-,"생기, 활력, 화내다","명사, 동사 (이합사)"
生日,shēngrì,-,생일,명사
声音,shēngyīn,-,(목)소리,명사
省,shěng,3성,"아끼다, 성 [행정단위]","동사, 명사"
时候,shíhou,-,~때,명사
时间,shíjiān,-,시간,명사
十字路口,shízì lùkǒu,-,사거리,명사
使用,shǐyòng,-,사용하다,동사
事,shì,4성,"일, 사건",명사
是,shì,4성,~이다,동사
试,shì,4성,시험 삼아 해 보다,동사
市场,shìchǎng,-,시장,명사
世界,shìjiè,-,세계,명사
事情,shìqing,-,"일, 사건",명사
收,shōu,1성,"거두어들이다, 받다",동사
收拾,shōushi,-,"치우다, 정리하다",동사
手,shǒu,3성,손,명사
手表,shǒubiǎo,-,손목시계,명사
首都,shǒudū,-,수도,명사
手机,shǒujī,-,휴대 전화,명사
瘦,shòu,4성,"마르다, 꼭 끼다",형용사
输,shū,1성,지다,동사
书,shū,1성,책,명사
书包,shūbāo,-,책가방,명사
书法,shūfǎ,-,서예,명사
舒服,shūfu,-,편안하다,형용사
叔叔,shūshu,-,삼촌,명사
属,shǔ,3성,"(십이지의) ~띠이다, ~에 속하다",동사
暑假,shǔjià,-,여름 방학,명사
数,shǔ / shù,3성 / 4성,"세다, 꼽히다 / 수",동사 / 명사
树,shù,4성,"나무, 심다","명사, 동사"
数学,shùxué,-,수학,명사
帅,shuài,4성,잘생기다,형용사
双,shuāng,1성,"단위(신발, 양말 등 짝을 이루는 것)",양사
谁,shéi,2성,누구,대명사
水,shuǐ,3성,물,명사
水果,shuǐguǒ,-,과일,명사
水平,shuǐpíng,-,수준,명사
睡觉,shuìjiào,-,잠자다,동사 (이합사)
说,shuō,1성,말하다,동사
说话,shuōhuà,-,말하다,동사
说明,shuōmíng,-,설명(하다),"동사, 명사"
死,sǐ,3성,죽다,"동사, 형용사"
送,sòng,4성,"보내다, 선물하다",동사
宿舍,sùshè,-,기숙사,명사
酸,suān,1성,(맛이) 시다,형용사
算,suàn,4성,"계산하다, ~인 셈이다",동사
虽然,suīrán,-,비록 ~일지라도,접속사
岁,suì,4성,"살, 세",양사
所以,suǒyǐ,-,그래서,접속사
所有,suǒyǒu,-,"모든, 일체의","형용사, 대명사"
他,tā,1성,그,대명사
她,tā,1성,그녀,대명사
它,tā,1성,그(사물),대명사
台,tái,2성,"단위(가전제품, 기계 등)",양사
太,tài,4성,"매우, 너무",부사
太极拳,tàijíquán,-,태극권,명사
太阳,tàiyáng,-,태양,명사
谈,tán,2성,"이야기하다, 말하다",동사
汤,tāng,1성,"탕, 국",명사
糖,táng,2성,"설탕, 사탕",명사
躺,tǎng,3성,눕다,동사
讨论,tǎolùn,-,토론하다,동사
讨厌,tǎoyàn,-,싫어하다,"동사, 형용사"
套,tào,4성,"덮개, 세트, 씌우다, 걸쳐 입다","명사, 양사, 동사"
特别,tèbié,-,"특별하다, 매우","형용사, 부사"
特点,tèdiǎn,-,특징,명사
疼,téng,2성,"아프다, 사랑하다","형용사, 동사"
踢,tī,1성,(발로) 차다,동사
提高,tígāo,-,향상시키다,동사
体育,tǐyù,-,"체육, 스포츠",명사
替,tì,4성,~를 대신하여,"전치사, 동사"
天,tiān,1성,"하늘, 날, 일","명사, 양사"
添,tiān,1성,"더하다, 첨가하다",동사
天气,tiānqì,-,날씨,명사
甜,tián,2성,달다,형용사
条,tiáo,2성,"줄기, 단위(길, 강, 바지 등)",양사
条件,tiáojiàn,-,조건,명사
跳舞,tiàowǔ,-,춤을 추다,동사 (이합사)
听,tīng,1성,듣다,동사
听说,tīngshuō,-,듣자 하니,동사
停,tíng,2성,멈추다,동사
挺,tǐng,3성,아주,"부사, 동사"
通过,tōngguò,-,"~를 통해서, 통과하다","전치사, 동사"
同学,tóngxué,-,"학우, 동창",명사
同意,tóngyì,-,동의하다,동사
头,tóu,2성,머리,명사
头 (접미사),tou,경성,명사 뒤에 쓰이는 접미사,조사 (접미사)
头发,tóufa,-,머리카락,명사
头疼,tóuténg,-,머리가 아프다,"동사, 형용사"
突然,tūrán,-,갑자기,"형용사, 부사"
图书馆,túshūguǎn,-,도서관,명사
脱,tuō,1성,벗다,동사
袜子,wàzi,-,양말,명사
外国,wàiguó,-,외국,명사
外语,wàiyǔ,-,외국어,명사
完,wán,2성,끝내다,동사
玩,wán,2성,놀다,동사
完成,wánchéng,-,완성하다,동사
完全,wánquán,-,"전적으로, 참으로",부사
碗,wǎn,3성,"그릇, 단위(그릇)","명사, 양사"
晚,wǎn,3성,늦다,형용사
晚会,wǎnhuì,-,저녁 파티,명사
晚上,wǎnshang,-,저녁,명사
往,wǎng,3성,~쪽으로,전치사
网,wǎng,3성,"조직, 망, 인터넷",명사
网站,wǎngzhàn,-,웹 사이트,명사
忘,wàng,4성,잊다,동사
忘记,wàngjì,-,잊다,동사
喂,wèi,4성,"여보세요, 먹이다","감탄사, 동사"
位,wèi,4성,단위(사람),양사
为,wéi / wèi,2성 / 4성,"하다, ~으로 삼다 / ~을 위하여",동사 / 전치사
味道,wèidào,-,맛,명사
为了,wèile,-,~을/를 위하여,전치사
为什么,wèi shénme,-,왜,대명사
文化,wénhuà,-,문화,명사
问,wèn,4성,묻다,동사
问好,wènhǎo,-,안부를 묻다,동사 (이합사)
问题,wèntí,-,문제,명사
我,wǒ,3성,나,대명사
午饭,wǔfàn,-,점심밥,명사
离/勿,wù,4성,~해서는 안 된다,부사
希望,xīwàng,-,희망(하다),"명사, 동사"
习惯,xíguàn,-,습관(이 되다),"명사, 동사"
喜欢,xǐhuan,-,좋아하다,동사
洗手间,xǐshǒujiān,-,화장실,명사
洗澡,xǐzǎo,-,목욕하다,동사 (이합사)
下,xià,4성,"아래, 내려가다","명사, 동사, 양사"
下课,xiàkè,-,수업을 마치다,동사 (이합사)
下午,xiàwǔ,-,오후,명사
先,xiān,1성,먼저,부사
先生,xiānsheng,-,"성인 남성에 대한 경칭, ~씨",명사
咸,xián,2성,짜다,형용사
洗,xǐ,3성,씻다,동사
现代,xiàndài,-,현대,명사
现在,xiànzài,-,"지금, 현재","명사, 부사"
香,xiāng,1성,"향기롭다, 맛있다",형용사
香蕉,xiāngjiāo,-,바나나,명사
相信,xiāngxìn,-,믿다,동사
想,xiǎng,3성,"~하고 싶다, 그립다, 생각하다","조동사, 동사"
响,xiǎng,3성,(소리가) 울리다,"동사, 형용사"
像,xiàng,4성,"닮다, ~같다","동사, 전치사"
向,xiàng,4성,~쪽으로,전치사
消息,xiāoxi,-,소식,명사
小,xiǎo,3성,작다,형용사
小姐,xiǎojiě,-,아가씨,명사
小时,xiǎoshí,-,시간,명사
小心,xiǎoxīn,-,조심하다,"동사, 형용사"
小学,xiǎoxué,-,초등학교,명사
笑,xiào,4성,웃다,동사
些,xiē,1성,"조금, 약간(적은 수량)",양사
鞋,xié,2성,신발,명사
写,xiě,3성,쓰다,동사
谢谢,xièxie,-,감사하다,동사
新,xīn,1성,새로운,"형용사, 부사"
新年,xīnnián,-,신년,명사
新闻,xīnwén,-,뉴스,명사
信,xìn,4성,편지,명사
星期,xīngqī,-,"요일, 주",명사
星星,xīngxing,-,별,명사
行,xíng,2성,"좋다, 괜찮다","형용사, 동사"
行,háng,2성,"업종, 직업",명사
行李,xíngli,-,짐,명사
姓,xìng,4성,성(씨),"명사, 동사"
幸福,xìngfú,-,행복하다,"형용사, 명사"
性格,xìnggé,-,성격,명사
兴趣,xìngqù,-,"흥미, 재미",명사
熊猫,xióngmāo,-,판다,명사
休息,xiūxi,-,휴식하다,동사
需要,xūyào,-,필요(하다),"동사, 명사"
许多,xǔduō,-,"많은, 허다한",형용사
学,xué,2성,배우다,동사
学生,xuéshēng,-,학생,명사
学习,xuéxí,-,공부하다,"동사, 명사"
学校,xuéxiào,-,학교,명사
雪,xuě,3성,눈,명사
呀,yā / ya,1성 / 경성,"놀람, 경이의 조사","감탄사, 조사"
颜色,yánsè,-,색깔,명사
严重,yánzhòng,-,심각하다,형용사
演出,yǎnchū,-,공연하다,"동사, 명사"
眼睛,yǎnjiing,-,눈,명사
眼镜,yǎnjìng,-,안경,명사
样子,yàngzi,-,"모양, 형태",명사
要求,yāoqiú,-,요구(하다),"명사, 동사"
药,yào,4성,약,명사
要,yào,4성,"원하다, ~하려고 하다","동사, 조동사"
要紧,yàojǐn,-,"중요하다, 심각하다",형용사
要是,yàoshi,-,만약,접속사
爷爷,yéye,-,할아버지,명사
也,yě,3성,~도 역시,부사
也许,yěxǔ,-,아마도,부사
页,yè,4성,페이지,양사
一般,yībān,-,"보통이다, 일반적으로","형용사, 부사"
一边,yībiān,-,"한쪽, 한편으로","명사, 부사"
一点儿,yīdiǎnr,-,"조금, 약간",수량사 (양사)
一定,yīdìng,-,"반드시, 일정한","부사, 형용사"
衣服,yīfu,-,옷,명사
一共,yīgòng,-,합계가 ~다,부사
一会儿,yīhuìr,-,잠시 동안,"명사, 부사"
一起,yīqǐ,-,함께,부사
一切,yīqiè,-,전부,대명사
医生,yīshēng,-,의사,명사
一下,yīxià,-,"잠시, 잠깐",양사 (동량사)
一样,yīyàng,-,같다,형용사
医院,yīyuàn,-,병원,명사
一直,yīzhí,-,"똑바로, 줄곧",부사
以后,yǐhòu,-,이후,명사 (방위사)
**,已经**,yǐjīng,-,이미
以前,yǐqián,-,이전,명사 (방위사)
以外,yǐwài,-,이외,명사 (방위사)
以为,yǐwéi,-,~인 줄 알다,동사
椅子,yǐzi,-,의자,명사
意见,yìjiàn,-,의견,명사
艺术,yìshù,-,예술,명사
意思,yìsi,-,"의견, 뜻, 성의, 재미",명사
阴,yīn,1성,흐리다,형용사
因为,yīnwèi,-,"왜냐하면, ~때문에","접속사, 전치사"
音乐,yīnyuè,-,음악,명사
银行,yínháng,-,은행,명사
应该,yīnggāi,-,마땅히 ~해야 한다,조동사
赢,yíng,2성,이기다,동사
影响,yǐngxiǎng,-,영향(을 주다),"명사, 동사"
永远,yǒngyuǎn,-,영원하다,부사
用,yòng,4성,"사용하다, ~로써","동사, 전치사"
用功,yònggōng,-,열심히 공부하다,형용사
邮件,yóujiàn,-,우편물,명사
邮局,yóujú,-,우체국,명사
游戏,yóuxì,-,게임,"명사, 동사"
游泳,yóuyǒng,-,수영하다,동사 (이합사)
有,yǒu,3성,있다,동사
有点儿,yǒudiǎnr,-,조금,부사
有名,yǒumíng,-,유명하다,형용사
有意思,yǒu yìsi,-,재미있다,형용사
又,yòu,4성,"또, 다시(과거 반복)",부사
鱼,yú,2성,물고기,명사
愉快,yúkuài,-,즐겁다,형용사
雨,yǔ,3성,비,명사
元,yuán,2성,단위(화폐),양사
原来,yuánlái,-,"원래, 알고 보니","부사, 형용사, 명사"
原谅,yuánliàng,-,양해하다,동사
远,yuǎn,3성,멀다,형용사
愿意,yuànyì,-,원하다,조동사
约,yuē,1성,"약속하다, 대략","동사, 부사"
月,yuè,4성,"월, 달",명사
月亮,yuèliang,-,달,명사
云,yún,2성,구름,명사
运动,yùndòng,-,운동(하다),"명사, 동사"
杂志,zázhì,-,잡지,명사
再,zài,4성,다시,부사
在,zài,4성,"~에서, ~에 있다, ~하는 중이다","전치사, 동사, 부사"
再见,zàijiàn,-,또 만나자,"동사, 감탄사"
脏,zāng,1성,더럽다,형용사
脏,zàng,4성,내장,명사
早,zǎo,3성,"아침, 이르다","명사, 형용사"
早上,zǎoshang,-,아침,명사
怎么,zěnme,-,어떻게,대명사
怎么样,zěnmeyàng,-,어떻습니까,대명사
增加,zēngjiā,-,증가하다,동사
炸酱面,zhájiàngmiàn,-,짜장면,명사
站,zhàn,4성,"정류장, 서다","명사, 동사"
张,zhāng,1성,"단위(종이, 탁자, 침대 등 평평한 물건), 펼치다","양사, 동사"
着急,zháojí,-,"조급해하다, 서두르다","형용사, 동사"
找,zhǎo,3성,"찾다, 거슬러 주다",동사
照顾,zhàogù,-,"고려하다, 돌보다","동사, 명사"
照片,zhàopiàn,-,사진,명사
照相机,zhàoxiàngjī,-,사진기,명사
着,zhe,경성,"(동태조사) ~한 채로 있다, ~하는 중이다",조사
着,zháo,2성,(결과보어) 도달했거나 어떤 결과가 있음을 나타냄,동사
这,zhè,4성,이(것),대명사
这里 / 这儿,zhèlǐ / zhèr,-,"이곳, 여기",대명사
这么,zhème,-,"이렇게, 이러한","부사, 대명사"
这样,zhèyàng,-,"이렇다, 이렇게","대명사, 부사"
真,zhēn,1성,정말로,"부사, 형용사"
正在,zhèngzài,-,~하는 중이다,부사
之,zhī,1성,~의,"조사, 대명사"
支,zhī,1성,단위(펜 종류),양사
知道,zhīdào,-,알다,동사
只,zhī,1성,"단위(동물, 배 등)",양사
只,zhǐ,3성,단지,부사
纸,zhǐ,3성,종이,명사
只好,zhǐhǎo,-,하는 수 없이,부사
只是,zhǐshì,-,"단지, 다만","부사, 접속사"
只要,zhǐyào,-,하기만 하면,접속사
钟,zhōng,1성,"시계, 시간",명사
中间 =,zhōngjiān,-,중간,명사 (방위사)
中午,zhōngwǔ,-,"점심, 정오",명사
中学,zhōngxué,-,중등학교,명사
终于,zhōngyú,-,"마침내, 결국",부사
种,zhǒng,3성,"종류, 씨앗","양사, 명사"
种,zhòng,4성,심다,동사
重,zhòng,4성,무겁다,형용사
重,chóng,2성,다시,부사
重要,zhòngyào,-,중요하다,형용사
周末,zhōumò,-,주말,명사
猪,zhū,1성,돼지,명사
主要,zhǔyào,-,"주요한, 주된","형용사, 부사"
主意,zhǔyi,-,"생각, 아이디어",명사
住,zhù,4성,"살다, 머무르다",동사
祝,zhù,4성,기원하다,동사
祝贺,zhùhè,-,축하하다,동사
注意,zhùyì,-,주의하다,동사 (이합사)
转,zhuǎn,3성,"바꾸다, 전환하다",동사
转,zhuàn,4성,"돌다, 회전하다",동사
准备,zhǔnbèi,-,준비(하다),"동사, 명사"
桌子,zhuōzi,-,"탁자, 책상",명사
字,zì,4성,글자,명사
自己,zìjǐ,-,"자신, 스스로","대명사, 부사"
自行车,zìxíngchē,-,자전거,명사
总(是),zǒng(shì),-,"언제나, 늘",부사
走,zǒu,3성,"걷다, 가다, 떠나다",동사
足球,zúqiú,-,축구,명사
组织,zǔzhī,-,조직(하다),"명사, 동사"
嘴,zuǐ,3성,입,명사
最,zuì,4성,가장,부사
最后,zuìhòu,-,맨 마지막(의),"명사, 부사"
最近,zuìjìn,-,최근에,"명사, 부사"
昨天,zuótiān,-,어제,명사
左右,zuǒyòu,-,"가량, 쯤, 좌와 우","조사, 명사"
做,zuò,4성,"하다, 만들다",동사
坐,zuò,4성,앉다,동사
座,zuò,4성,"좌석, 단위(도시, 산 등)","명사, 양사"
作业,zuòyè,-,"숙제, 작업하다","명사, 동사"